{
  "Allocations": {
    "host1": [
      "vm1",
      "vm6",
      "vm13",
      "vm18",
      "vm22",
      "vm25",
      "vm30",
      "vm33",
      "vm35",
      "vm39",
      "vm44",
      "vm51",
      "vm56",
      "vm61",
      "vm63",
      "vm69",
      "vm71",
      "vm77",
      "vm82",
      "vm86",
      "vm90",
      "vm94",
      "vm100",
      "vm105",
      "vm106",
      "vm111",
      "vm116",
      "vm120",
      "vm123",
      "vm129",
      "vm134",
      "vm137",
      "vm139",
      "vm144",
      "vm147",
      "vm150"
    ],
    "host2": [
      "vm2",
      "vm5",
      "vm8",
      "vm11",
      "vm15",
      "vm17",
      "vm19",
      "vm23",
      "vm26",
      "vm28",
      "vm32",
      "vm37",
      "vm42",
      "vm45",
      "vm49",
      "vm52",
      "vm58",
      "vm59",
      "vm64",
      "vm66",
      "vm70",
      "vm73",
      "vm76",
      "vm80",
      "vm84",
      "vm85",
      "vm88",
      "vm93",
      "vm96",
      "vm98",
      "vm103",
      "vm107",
      "vm110",
      "vm114",
      "vm117",
      "vm121",
      "vm125",
      "vm127",
      "vm132",
      "vm138",
      "vm140",
      "vm143",
      "vm146",
      "vm149",
      "vm152",
      "vm153",
      "vm157"
    ],
    "host3": [
      "vm3",
      "vm4",
      "vm7",
      "vm9",
      "vm10",
      "vm12",
      "vm14",
      "vm16",
      "vm20",
      "vm21",
      "vm24",
      "vm27",
      "vm29",
      "vm31",
      "vm34",
      "vm36",
      "vm38",
      "vm40",
      "vm41",
      "vm43",
      "vm46",
      "vm47",
      "vm48",
      "vm50",
      "vm53",
      "vm54",
      "vm55",
      "vm57",
      "vm60",
      "vm62",
      "vm65",
      "vm67",
      "vm68",
      "vm72",
      "vm74",
      "vm75",
      "vm78",
      "vm79",
      "vm81",
      "vm83",
      "vm87",
      "vm89",
      "vm91",
      "vm92",
      "vm95",
      "vm97",
      "vm99",
      "vm101",
      "vm102",
      "vm104",
      "vm108",
      "vm109",
      "vm112",
      "vm113",
      "vm115",
      "vm118",
      "vm119",
      "vm122",
      "vm124",
      "vm126",
      "vm128",
      "vm130",
      "vm131",
      "vm133",
      "vm135",
      "vm136",
      "vm141",
      "vm142",
      "vm145",
      "vm148",
      "vm151",
      "vm154",
      "vm155",
      "vm156"
    ]
  },
  "HostUtilizations": {
    "host1": {
      "UsagePercentage": 57.747395833333336,
      "Score": 3.4071147076211163
    },
    "host2": {
      "UsagePercentage": 58.203125,
      "Score": 3.479631946856953
    },
    "host3": {
      "UsagePercentage": 59.769230769230774,
      "Score": 3.742922906220917
    }
  },
  "UnderutilizedHosts": [
    "host1",
    "host2",
    "host3"
  ],
  "Migrations": []
}