{
  "allocations": {
    "host1": [
      "vm1",
      "vm6",
      "vm9",
      "vm14",
      "vm19",
      "vm23",
      "vm29",
      "vm31",
      "vm35",
      "vm39"
    ],
    "host2": [
      "vm2",
      "vm4",
      "vm7",
      "vm11",
      "vm13",
      "vm15",
      "vm17",
      "vm21",
      "vm25",
      "vm27",
      "vm32",
      "vm37",
      "vm40"
    ],
    "host3": [
      "vm3",
      "vm5",
      "vm8",
      "vm10",
      "vm12",
      "vm16",
      "vm18",
      "vm20",
      "vm22",
      "vm24",
      "vm26",
      "vm28",
      "vm30",
      "vm33",
      "vm36",
      "vm38",
      "vm41"
    ]
  },
  "allocation_failures": [],
  "host_utilizations": {
    "host1": {
      "usage_percentage": 67.05729166666667,
      "score": 5.3311140091050575
    },
    "host2": {
      "usage_percentage": 68.42447916666667,
      "score": 5.7151967634246885
    },
    "host3": {
      "usage_percentage": 68.08974358974359,
      "score": 5.618058396216902
    }
  },
  "underutilized_hosts": [
    "host1",
    "host2",
    "host3"
  ],
  "migrations": []
}